main_text,subtext
Hybrid Tomato\n'Better Boy',Test tomato
Hybrid Tomato\n'Better Boy',Test tomato
Hybrid Tomato\n'Better Boy',Test tomato
Hybrid Tomato\n'Better Boy',Test tomato
Hybrid Tomato\n'Better Boy',Test tomato
Hybrid Tomato\n'Better Boy',Test tomato
Hybrid Tomato\n'Better Boy',Test tomato
Hybrid Tomato\n'Better Boy',Test tomato
Hybrid Tomato\n'Better Boy',Test tomato
Hybrid Tomato\n'Better Boy',Test tomato
Hybrid Tomato\n'Better Boy',Test tomato
Hybrid Tomato\n'Better Boy',Test tomato
Hybrid Tomato\n'Better Boy',Test tomato
Hybrid Tomato\n'Better Boy',Test tomato
Hybrid Tomato\n'Better Boy',Scientific
Hybrid Tomato\n'Better Boy',Scientific
Hybrid Tomato\n'Better Boy',Scientific
Hybrid Tomato\n'Better Boy',Scientific
Hybrid Tomato\n'Better Boy',Scientific
Hybrid Tomato\n'Better Boy',Scientific
Hybrid Tomato\n'Better Boy',Scientific
Hybrid Tomato\n'Better Boy',Scientific
Hybrid Tomato\n'Better Boy',Scientific
Hybrid Tomato\n'Better Boy',Scientific
Hybrid Tomato\n'Better Boy',Scientific
Hybrid Tomato\n'Better Boy',Scientific
Tomato test,Tomato test 2
Tomato test,Tomato test 2
Tomato test,Tomato test 2
Tomato test,Tomato test 2
Tomato test,Tomato test 2
Tomato test,Tomato test 2
Tomato test,Tomato test 2
Tomato test,Tomato test 2
Tomato test,Tomato test 2
Tomato test,Tomato test 2
Tomato test,Tomato test 2
Tomato test,Tomato test 2
Tomato test,Tomato test 2
Tomato test,Tomato test 2
Pine Mountain Sage,Tomato test 2
Pine Mountain Sage,Tomato test 2
Pine Mountain Sage,Salvia semiatrata
Pine Mountain Sage,Salvia semiatrata
Pine Mountain Sage,Salvia semiatrata
Pine Mountain Sage,Salvia semiatrata
Pine Mountain Sage,Salvia semiatrata
Pine Mountain Sage,Salvia semiatrata
Pine Mountain Sage,Salvia semiatrata
Pine Mountain Sage,Salvia semiatrata
Pine Mountain Sage,Salvia semiatrata
Pine Mountain Sage,Salvia semiatrata
Pine Mountain Sage,Salvia semiatrata
Pine Mountain Sage,Salvia semiatrata
Pine Mountain Sage,Salvia semiatrata
Pine Mountain Sage,Salvia semiatrata
Red Mountain Sage,Salvia darcyi
Red Mountain Sage,Salvia darcyi
Brazilian Verbena,Venoana bonariensis
Brazilian Verbena,Venoana bonariensis
Moringa,Moringa oleifera
Chives,Allium schoenoprasum
Chives,Allium schoenoprasum
Pink Hollyhock Tree,Hibiscus splendens
Pink Hollyhock Tree,Hibiscus splendens
Blue Hyssops,Hyssopus officinalis
Pink China Rose,Hibiscus rosa-sinensis 'Pink Flower'
Pink China Rose,Hibiscus rosa-sinensis 'Pink Flower'
Ruffled Pink Candycane Hibiscus,Hibiscus syriacus 'Pink Candycane Ruffle'
Ruffled Pink Candycane Hibiscus,Hibiscus syriacus 'Pink Candycane Ruffle'
Heirloom Double Feverfew,"Chrysanthemum, parthenium, 'White Wonder'"
Heirloom Double Feverfew,"Chrysanthemum, parthenium, 'White Wonder'"
Lemongrass,Cymbopogon flexuosus
Lemongrass,Cymbopogon flexuosus
Campfire rudbeckia,Rudbeckia hirta
Campfire rudbeckia,Rudbeckia hirta
Campfire Rudbeckia,Rudbeckia hirta
Campfire Rudbeckia,Rudbeckia hirta
Butterfly Pea,Clitoria purpurea
Butterfly Pea,Clitoria purpurea
Flowerburst Fruitbowl Yarrow,Achillea millefolium 'Flowerburst Fruitbowl'
Flowerburst Fruitbowl Yarrow,Achillea millefolium 'Flowerburst Fruitbowl'
Bell Pepper Hybrid,'Golden Star F1'
Bell Pepper Hybrid,'Golden Star F1'
Bell Pepper Hybrid,'Golden Star F1'
Bell Pepper Hybrid,'Golden Star F1'
Bell Pepper Hybrid,'Golden Star F1'
Bell Pepper Hybrid,'Golden Star F1'
Bell Pepper Hybrid,'Golden Star F1'
Bell Pepper Hybrid,'Golden Star F1'
Bell Pepper Hybrid,'Golden Star F1'
Bell Pepper Hybrid,'Golden Star F1'
Bell Pepper Hybrid,'Golden Star F1'
Bell Pepper Hybrid,'Golden Star F1'
Bell Pepper Hybrid,'Golden Star F1'
Bell Pepper Hybrid,'Golden Star F1'
Bell Pepper Hybrid,'Golden Star F1'
Bell Pepper Hybrid,'Golden Star F1'
Bell Pepper Hybrid,'Golden Star F1'
Bell Pepper Hybrid,'Golden Star F1'
Bell Pepper Hybrid,'Golden Star F1'
Bell Pepper Hybrid,'Golden Star F1'
Bell Pepper Hybrid lkansasljkanslggnlanlasnkgasg,'Golden Star F1'
Bell Pepper Hybrid lkansasljkanslggnlanlasnkgasg,'Golden Star F1'
Bell Pepper Hybrid,'Golden Star F1'
Bell Pepper Hybrid,'Golden Star F1'
Bell Pepper Hybrid,'Golden Star F1'
Bell Pepper Hybrid,'Golden Star F1'
Bell Pepper Hybrid,'Golden Star F1'
Bell Pepper Hybrid,'Golden Star F1'
Bell Pepper Hybrid,'Golden Star F1'
Bell Pepper Hybrid,'Golden Star F1'
Bell Pepper Hybrid,'Golden Star F1'
Bell Pepper Hybrid,'Golden Star F1'
Bell Pepper Hybrid,'Golden Star F1'
Bell Pepper Hybrid,'Golden Star F1'
Bell Pepper Hybrid,'Golden Star F1'
Bell Pepper Hybrid,'Golden Star F1'
Bell Pepper Hybrid,'Golden Star F1'
Bell Pepper Hybrid,'Golden Star F1'
Bell Pepper Hybrid,'Golden Star F1'
Bell Pepper Hybrid,'Golden Star F1'
Bell Pepper Hybrid,'Golden Star F1'
Bell Pepper Hybrid,'Golden Star F1'
Bell Pepper Hybrid,'Golden Star F1'
Bell Pepper Hybrid,'Golden Star F1'
Bell Pepper Hybrid,'Golden Star F1'
Bell Pepper Hybrid,'Golden Star F1'
Bell Pepper Hybrid,'Golden Star F1'
Bell Pepper Hybrid,'Golden Star F1'
Bell Pepper Hybrid,'Golden Star F1'
Bell Pepper Hybrid,'Golden Star F1'
Bell Pepper Hybrid,'Golden Star F1'
Bell Pepper Hybrid,'Golden Star F1'
Bell Pepper Hybrid,'Golden Star F1'
Bell Pepper Hybrid,'Golden Star F1'
Bell Pepper Hybrid,'Golden Star F1'
Bell Pepper Hybrid,'Golden Star F1'
Bell Pepper Hybrid,'Golden Star F1'
Bell Pepper Hybrid,'Golden Star F1'
Bell Pepper Hybrid,'Golden Star F1'
Bell Pepper Hybrid,'Golden Star F1'
Bell Pepper Hybrid,'Golden Star F1'
Bell Pepper Hybrid,'Golden Star F1'
Bell Pepper Hybrid,'Golden Star F1'
Bell Pepper Hybrid,'Golden Star F1'
Bell Pepper Hybrid,'Golden Star F1'
Bell Pepper Hybrid,'Golden Star F1'
Bell Pepper Hybrid,'Golden Star F1'
Bell Pepper Hybrid,'Golden Star F1'
Bell Pepper Hybrid,'Golden Star F1'
Bell Pepper Hybrid,'Golden Star F1'
Bell Pepper Hybrid,'Golden Star F1'
Bell Pepper Hybrid,'Golden Star F1'
Bell Pepper Hybrid,'Golden Star F1'
Bell Pepper Hybrid,'Golden Star F1'
Bell Pepper Hybrid,'Golden Star F1'
Bell Pepper Hybrid,'Golden Star F1'
Bell Pepper Hybrid,'Golden Star F1'
Bell Pepper Hybrid,'Golden Star F1'
Bell Pepper Hybrid,'Golden Star F1'
Bell Pepper Hybrid,'Golden Star F1'
Moldavian Dragonhead Balm,Dracocephalum moldavica
Moldavian Dragonhead Balm,Dracocephalum moldavica
Redleaf Amaranth,Amaranthus cruentus
Redleaf Amaranth,Amaranthus cruentus
Red-Leaf Amaranth,Amaranthus cruentus
Red-Leaf Amaranth,Amaranthus cruentus
Red-leaf Amaranth,Amaranthus cruentus
Red-leaf Amaranth,Amaranthus cruentus
Red-leaf Amaranth,Amaranthus cruentus
Red-leaf Amaranth,Amaranthus cruentus
Cape Gooseberry,Physalis peruviana
Cape Gooseberry,Physalis peruviana
"Ambrette, Muskh Dana",Abelmoschus moschatus
"Ambrette, Muskh Dana",Abelmoschus moschatus
Ambrette (Muskh Dana),Abelmoschus moschatus
Ambrette (Muskh Dana),Abelmoschus moschatus
Strawberry Groundcherry,Physalis pruinosa 'Aunt Molly'
Strawberry Groundcherry,Physalis pruinosa 'Aunt Molly'
Red Malabar Spinach,Basella alba
Red Malabar Spinach,Basella alba
Red Malabar Spinach,Basella alba
Red Malabar Spinach,Basella alba
Red Malabar Spinach,Basella alba
Red Malabar Spinach,Basella alba
Red Malabar Spinach,Basella alba
Red Malabar Spinach,Basella alba
Red Malabar Spinach,Basella alba
Red Malabar Spinach,Basella alba
Red Malabar Spinach,Basella alba
Red Malabar Spinach,test,Basella alba
Red Malabar Spinach,test,Basella alba
Red Malabar Spinach,'',Basella alba
Red Malabar Spinach,'',Basella alba
Red Malabar Spinach,Test Cultivar,Basella alba
Red Malabar Spinach,Test Cultivar,Basella alba
Red Malabar Spinach,Test Cultivar,Basella alba
Red Malabar Spinach,Test Cultivar,Basella alba
Eggplant,'Nagaoka Kinchaku',Basella alba
Eggplant,'Nagaoka Kinchaku',Basella alba
Eggplant,'Nagaoka Kinchaku',Basella alba
Eggplant,'Nagaoka Kinchaku',Basella alba
Eggplant,Nagaoka Kinchaku,Basella alba
Eggplant,Nagaoka Kinchaku,Basella alba
Eggplant,Nagaoka Kinchaku,Basella alba
Eggplant,Nagaoka Kinchaku,Basella alba
Eggplant,Nagaoka Kinchaku,Basella alba
Eggplant,Nagaoka Kinchaku,Basella alba
Eggplant,Nagaoka Kinchaku',Basella alba
Eggplant,Nagaoka Kinchaku',Basella alba
Eggplant,Nagaoka Kinchaku,Basella alba
Eggplant,Nagaoka Kinchaku,Basella alba
Eggplant,Nagaoka Kinchaku,Wide Japanese eggplant
Eggplant,Nagaoka Kinchaku,Wide Japanese eggplant
Eggplant,Nagaoka Kinchaku,Squat Japanese eggplant
Eggplant,Nagaoka Kinchaku,Squat Japanese eggplant
Eggplant,Nagaoka Kinchaku,Wide Japanese eggplant
Eggplant,Nagaoka Kinchaku,Wide Japanese eggplant
Eggplant,Long Purple,"8""-10"" long"
Eggplant,Long Purple,"8""-10"" long"
Eggplant,Long Purple,"8""-10"", firm"
Eggplant,Long Purple,"8""-10"", firm"
Eggplant,Long Purple,"8""-10"", firm"
Eggplant,Long Purple,"8""-10"", firm"
Hybrid Eggplant,Midnight Moon,"Pear-shaped, squat"
Hybrid Eggplant,Midnight Moon,"Pear-shaped, squat"
Hybrid Eggplant,Midnight Moon,"Pear-shaped, squat, dark"
Hybrid Eggplant,Midnight Moon,"Pear-shaped, squat, dark"
Eggplant,Little Fingers,Snack-sized purple bunches
Eggplant,Little Fingers,Snack-sized purple bunches
Eggplant,Little Fingers,Snack-sized bunches
Eggplant,Little Fingers,Snack-sized bunches
Basil,'Persian',Also known as Reyhan
Basil,'Persian',Also known as Reyhan
Basil 'Persian', ,Also known as Reyhan
Basil 'Persian', ,Also known as Reyhan
Basil 'Persian', ,Also known as Reyhan
Basil 'Persian', ,Also known as Reyhan
Basil 'Persian', ,Known in Persia as Reyhan
Basil 'Persian', ,Known in Persia as Reyhan
Basil 'Persian', ,Known in Persia as Reyhan
Basil 'Persian', ,Known in Persia as Reyhan
Basil 'Persian', ,Known in Persia as Reyhan
Basil 'Persian', ,Known in Persia as Reyhan
Sweet Pepper,Ajvarski,"red yellow or green, always sweet"
Sweet Pepper,Ajvarski,"red yellow or green, always sweet"
Sweet Pepper,Ajvarski,"Red yellow or green, always sweet"
Sweet Pepper,Ajvarski,"Red yellow or green, always sweet"
Bell Pepper,Purple Beauty,Deep purple and crisp
Bell Pepper,Purple Beauty,Deep purple and crisp
Bell Pepper,Purple Beauty,Deep purple and crisp
Bell Pepper,Purple Beauty,Deep purple and crisp
Tomato,Costoluto,Heavily-lobed Italian Heirloom
Tomato,Costoluto,Heavily-lobed Italian Heirloom
Tomato,Costoluto,Heavily-lobed Italian Heirloom
Tomato,Costoluto,Heavily-lobed Italian Heirloom
Tomato,Costoluto,Heavily-lobed Italian Heirloom
Tomato,Costoluto,Heavily-lobed Italian Heirloom
Tomato,Costoluto Genovese,Heavily-lobed Italian Heirloom
Tomato,Costoluto Genovese,Heavily-lobed Italian Heirloom
Tomato Hybrid,'Sungold',Heavily-lobed Italian Heirloom
Tomato Hybrid,'Sungold',Heavily-lobed Italian Heirloom
Tomato Hybrid,'Sungold',Heavily-lobed Italian Heirloom
Tomato Hybrid,'Sungold',Heavily-lobed Italian Heirloom
Tomato Hybrid,'Sungold',Heavily-lobed Italian Heirloom
Tomato Hybrid,'Sungold',Heavily-lobed Italian Heirloom
Tomato Hybrid,'Sungold',Heavily-lobed Italian Heirloom
Tomato Hybrid,'Sungold',Heavily-lobed Italian Heirloom
Tomato Hybrid,'Sungold',Heavily-lobed Italian Heirloom
Tomato Hybrid,'Sungold',Heavily-lobed Italian Heirloom
Tomato Hybrid,'Sungold',Heavily-lobed Italian Heirloom
Tomato Hybrid,'Sungold',Heavily-lobed Italian Heirloom
Tomato Hybrid,'Sungold',Heavily-lobed Italian Heirloom
Tomato Hybrid,'Sungold',Heavily-lobed Italian Heirloom
Tomato Hybrid,'Sungold',Heavily-lobed Italian Heirloom
Tomato Hybrid,'Sungold',Heavily-lobed Italian Heirloom
Tomato Hybrid,'Sungold',Heavily-lobed Italian Heirloom
Tomato Hybrid,'Sungold',Heavily-lobed Italian Heirloom
Tomato Hybrid,'Sungold',Bright yellow cherry tomato
Tomato Hybrid,'Sungold',Bright yellow cherry tomato
Tomato Hybrid,'Sungold',Bright yellow cherry tomato
Tomato Hybrid,'Sungold',Bright yellow cherry tomato
Muskmallow, ,Malva moschata
Muskmallow, ,Malva moschata
Muskmallow, ,Malva moschata
Muskmallow, ,Malva moschata
Muskmallow, ,Malva moschata 'Mushk Dana'
Muskmallow, ,Malva moschata 'Mushk Dana'
"Ambrette, Muskmallow", ,Abelmoschus moschatus 'Mushk Dana'
"Ambrette, Muskmallow", ,Abelmoschus moschatus 'Mushk Dana'
Ambrette Plant, ,Abelmoschus moschatus 'Mushk Dana'
Ambrette Plant, ,Abelmoschus moschatus 'Mushk Dana'
Ambrette Plant, ,Abelmoschus moschatus 'Mushk Dana'
Ambrette Plant, ,Abelmoschus moschatus 'Mushk Dana'
